RMSE,MAE,R2
26.30725652677423,7.366228568030198,0.7765365773467809
