Variável,Importância
id_servico,0.9122317104135323
mes,0.035977795676436684
dia_do_mes,0.031038902308999857
dia_da_semana,0.020751591601031114
